name	score	Predicted	Predictor	list.name	source	NCBI.id	list.count	score.RWR	component	rank	CSP
ANKRD45	1	HYOU1/SLC9C2/HSP90B1/	SLC9C2	GWAS-1	seed/predicted	339416	1	0.0575673016446245	2	1	0.0575673016446245
SLC9C2	1	ANKRD45/	ANKRD45	GWAS-1	seed/predicted	284525	1	0.0473396323204643	2	2	0.104906933965089
TRIM38	1	TRIM56/TAB2		GWAS-1	seed	10475	1	0.0447229332011204	2	3	0.149629867166209
ARFGEF2	1	ERMARD/FLNA/ARFGEF1/PPP1CC		GWAS-1	seed	10564	1	0.0443278240806301	2	4	0.193957691246839
BTN2A2	1	PLIN2/MFGE8/XDH		GWAS-1	seed	10385	1	0.0434080002973991	2	5	0.237365691544238
STAU1	1	UPF2/PABPC1/MOV10/ILF3/RPS6/ADAR/TINCR/UPF1/TIAL1/UPF3B/CPEB1/YBX1/ELAVL1/TARDBP/IQGAP1/STAU2/NKRF/ARF1/HNRNPU/RPLP0/TIA1/DHX9/IGF2BP1/SMG7/SAMD4A/SMG5/NCL/PRKRA/EIF4A3/DICER1/FMR1		GWAS-1	seed	6780	1	0.0429950132853125	2	6	0.280360704829551
CSE1L	1	KPNA2/KPNA5/KPNA7/XPO6/XPO1/IPO4/XPOT/XPO4/NUP50/RANBP2/EFS/KPNA1/TNPO1/IPO5/KPNA6/ADGRD1/RAN/RANGAP1/TXN2/RANBP1/KPNB1/XPO7/KPNA4/KPNA3/XPO5		GWAS-1	seed	1434	1	0.0428341303087587	2	7	0.323194835138309
RC3H1	1	UPF1/CNOT6L/RC3H2/CNOT7/CNOT9/NUFIP2/AGO2/CNOT11/HELZ/CNOT1/CNOT10/ICOS/ZC3H12A/CNOT2/CNOT3		GWAS-1	seed	149041	1	0.0427779240137084	2	8	0.365972759152018
DARS2	1	CARS2/CTPS1/HARS2/RARS1/FDXR/AARS1/PARS2/LARS2/WARS2/YARS2/HARS1/TTC5/GMPS/EARS2/NARS2/EIF2AK4/YARS1/EPRS1/CTPS2/IARS1/MARS2/RARS2/FAAH2/FADS6/VARS2/KARS1/FAAH/FARS2/CDC23/VARS1/TACO1/QRSL1/TARS2/AARS2/DARS1/QARS1/NDC1/IARS2/EIF2AK1/GATB		GWAS-1	seed	55157	1	0.042769019215368	2	9	0.408741778367386
KLHL20	1	KLHL25/TNFAIP1/CUL3/KLHL21/RBX1/KLHL13/KBTBD8/KEAP1/KLHL40/PDCD6/ENC1/PEF1/DAPK1/KLHL24/KLHL41/NAE1/PML/ASB7/KCTD17/KLHL42/KCTD10/ZSWIM8/GLMN/KLHL2/SPOP/SPOPL/KLHL3/GAN/KLHL9/LZTR1/KLHL8/KCTD13/CORO7/KLHL22/KBTBD6/KLHL7/KLHL12/KBTBD7		GWAS-1	seed	27252	1	0.042686253200034	2	10	0.45142803156742
PRDX6	1	TPI1/GSTM3/TXNDC12/HPGDS/PRDX2/GPX4/TXN/GSTA2/MGST1/GPX6/GSTA1/GPX2/GSS/GSTA5/GSTM5/MGST3/PRDX5/GSTM4/GPX5/GSTP1/GGT6/GPX8/GSTM1/GSTT2B/SOD2-2/GSTO2/SSU72/PARK7/CHAC1/GSTA3/ENO1/GSR/HSPA8/GGT5/GPI/STH/GGT7/SOD2/GSTA4/GPX7/MGST2/GPX3/GSTM2/GGT1/CHAC2/GSTO1		GWAS-1	seed	9588	1	0.0426459835618754	2	11	0.494074015129295
TNFSF4	1	BANK1/LAG3/ICOS/LOC102723996/CD27/TNFSF8/TNFRSF14/IL6/TNFRSF4/PXK/CD28/TSLP/CD40/TNFRSF9/TNFSF18/TNFRSF18/CD80/CD4/CD70/CD86/TNFRSF1A/CD276/TNFRSF8/CTLA4/CD274/IL10/TNFSF9/ICOSLG/CD40LG/TNF/PDCD1LG2		GWAS-1	seed	7292	1	0.0426143769161283	2	12	0.536688392045424
ABT1	1	UTP6/DDX52/DHX32/RRP36/ESF1/UTP14A/BYSL/DDX18/NGDN/KRR1/UTP23/DHX15/KCTD19/DDX47/NOM1/BRIX1/PWP2/FTSJ3/GTF3C1/REXO4/DQX1/PDCD11/DDX49/DDX10/IGHMBP2/EMG1/NOP14/UTP18/WDR3/AATF/UTP25		GWAS-1	seed	29777	1	0.0426049454736975	2	13	0.579293337519121
SERPINC1	1	PROCR/F5/SERPING1/PROS1/APOH/LPA/PLAT/FGB/F13B/F3/AMBP/PF4V1/F12/FGG/ELANE/APOC3/SERPIND1/MTHFR/C9/F11/KNG1/CD44/SERPINF2/PF4/FGA/AGXT/APOA2/AHSG/F7/TFPI/F10/A2M/GP1BA/PLG/CPB2/CRP/KLKB1/THBD/HPX/F2/SERPINA5/GC/VTN/F9/PROC/ALB/VWF/SDC1/F8/HRG/KLK4/APOA1		GWAS-1	seed	462	1	0.0425569164777319	2	14	0.621850253996853
RABGAP1L	1			GWAS-1	seed	9910	1	0.0421686746990559	1	15	0.664018928695909
ZBTB37	1			GWAS-1	seed	84614	1	0.0421686746990559	3	16	0.706187603394965
ZNFX1	1			GWAS-1	seed	57169	1	0.0421686746990559	4	17	0.748356278094021
OLFM4	1	ASCL2/LGR5/NDUFA13/CEACAM8/MMP8/CHGA/LTF/CDH17/DEFA4/LCN2		GWAS-INF	seed	10562	1	0.0218232928019801	2	18	0.770179570896001
HYOU1	0.905		ANKRD45	GWAS-1	predicted	10525	1	0.00685815798261626	2	19	0.777037728878617
TAB2	0.767		TRIM38	GWAS-1	predicted	23118	1	0.00684285037767958	2	20	0.783880579256297
HSP90B1	0.892		ANKRD45	GWAS-1	predicted	7184	1	0.00666174850151447	2	21	0.790542327757811
TRIM56	0.746		TRIM38	GWAS-1	predicted	81844	1	0.00661532878414005	2	22	0.797157656541951
XDH	0.988		BTN2A2	GWAS-1	predicted	7498	1	0.00518440029222983	2	23	0.802342056834181
PLIN2	0.959		BTN2A2	GWAS-1	predicted	123	1	0.00478010654213126	2	24	0.807122163376312
MFGE8	0.795		BTN2A2	GWAS-1	predicted	4240	1	0.00380522793892212	2	25	0.810927391315234
FLNA	0.885		ARFGEF2	GWAS-1	predicted	2316	1	0.00377829224089039	2	26	0.814705683556125
ARFGEF1	0.83		ARFGEF2	GWAS-1	predicted	10565	1	0.00349257692026697	2	27	0.818198260476392
PPP1CC	0.741		ARFGEF2	GWAS-1	predicted	5501	1	0.00321714274088719	2	28	0.821415403217279
ERMARD	0.729		ARFGEF2	GWAS-1	predicted	55780	1	0.00304379752791661	2	29	0.824459200745195
HSPA8	0.746		PRDX6	GWAS-1	predicted	3312	1	0.00196153062175665	2	30	0.826420731366952
UPF1	0.987		RC3H1/STAU1	GWAS-1	predicted/predicted	5976	1	0.00170497091539833	2	31	0.82812570228235
ICOS	0.942		RC3H1/TNFSF4	GWAS-1	predicted/predicted	29851	1	0.00161229760581269	2	32	0.829737999888163
LTF	0.812		OLFM4	GWAS-INF	predicted	4057	1	0.00147945815789678	2	33	0.83121745804606
TNF	0.754		TNFSF4	GWAS-1	predicted	7124	1	0.0014536620030277	2	34	0.832671120049087
CNOT1	0.935		RC3H1	GWAS-1	predicted	23019	1	0.00141326558451005	2	35	0.834084385633598
CNOT7	0.858		RC3H1	GWAS-1	predicted	29883	1	0.00123773227482551	2	36	0.835322117908423
CNOT9	0.859		RC3H1	GWAS-1	predicted	9125	1	0.00121747040522518	2	37	0.836539588313648
TNFRSF1A	0.7		TNFSF4	GWAS-1	predicted	7132	1	0.00120199845667987	2	38	0.837741586770328
CNOT2	0.853		RC3H1	GWAS-1	predicted	4848	1	0.00120094745347592	2	39	0.838942534223804
AGO2	0.791		RC3H1	GWAS-1	predicted	27161	1	0.00119766472283413	2	40	0.840140198946638
CNOT3	0.847		RC3H1	GWAS-1	predicted	4849	1	0.00116511185610802	2	41	0.841305310802746
RC3H2	0.819		RC3H1	GWAS-1	predicted	54542	1	0.00113361675966442	2	42	0.842438927562411
CNOT11	0.809		RC3H1	GWAS-1	predicted	55571	1	0.0011126973503881	2	43	0.843551624912799
NCL	0.823		STAU1	GWAS-1	predicted	4691	1	0.00109602635787051	2	44	0.844647651270669
CNOT6L	0.724		RC3H1	GWAS-1	predicted	246175	1	0.00104100429800467	2	45	0.845688655568674
CNOT10	0.733		RC3H1	GWAS-1	predicted	25904	1	0.00103641345124038	2	46	0.846725069019914
KPNB1	0.868		CSE1L	GWAS-1	predicted	3837	1	0.000993804039764208	2	47	0.847718873059679
NUFIP2	0.881		RC3H1	GWAS-1	predicted	57532	1	0.000987322978431591	2	48	0.84870619603811
PABPC1	0.88		STAU1	GWAS-1	predicted	26986	1	0.000984631627094241	2	49	0.849690827665204
XPO1	0.976		CSE1L	GWAS-1	predicted	7514	1	0.000982848317398872	2	50	0.850673675982603
RAN	0.956		CSE1L	GWAS-1	predicted	5901	1	0.000975102995658826	2	51	0.851648778978262
AARS1	0.907		DARS2	GWAS-1	predicted	16	1	0.000935887328053874	2	52	0.852584666306316
RANBP2	0.78		CSE1L	GWAS-1	predicted	5903	1	0.000902973813488953	2	53	0.853487640119805
LGR5	0.816		OLFM4	GWAS-INF	predicted	8549	1	0.000890465969113562	2	54	0.854378106088918
MMP8	0.858		OLFM4	GWAS-INF	predicted	4317	1	0.00087027437017997	2	55	0.855248380459098
HELZ	0.751		RC3H1	GWAS-1	predicted	9931	1	0.000855123300318911	2	56	0.856103503759417
LCN2	0.856		OLFM4	GWAS-INF	predicted	3934	1	0.000852390372804634	2	57	0.856955894132222
ZC3H12A	0.771		RC3H1	GWAS-1	predicted	80149	1	0.000832128178345772	2	58	0.857788022310568
FMR1	0.966		STAU1	GWAS-1	predicted	2332	1	0.000826049562996381	2	59	0.858614071873564
TNFRSF4	0.999		TNFSF4	GWAS-1	predicted	7293	1	0.00082131333121233	2	60	0.859435385204776
IQGAP1	0.779		STAU1	GWAS-1	predicted	8826	1	0.000820615336651404	2	61	0.860256000541428
KPNA2	0.961		CSE1L	GWAS-1	predicted	3838	1	0.000807087312924422	2	62	0.861063087854352
KPNA4	0.99		CSE1L	GWAS-1	predicted	3840	1	0.000797786560892285	2	63	0.861860874415245
DHX9	0.82		STAU1	GWAS-1	predicted	1660	1	0.000791926977236209	2	64	0.862652801392481
KPNA1	0.996		CSE1L	GWAS-1	predicted	3836	1	0.000785093364734414	2	65	0.863437894757215
SSU72	0.803		PRDX6	GWAS-1	predicted	29101	1	0.000782287766447782	2	66	0.864220182523663
RANGAP1	0.878		CSE1L	GWAS-1	predicted	5905	1	0.00076644960553071	2	67	0.864986632129194
DEFA4	0.737		OLFM4	GWAS-INF	predicted	1669	1	0.000766336756336535	2	68	0.86575296888553
TNFRSF9	0.993		TNFSF4	GWAS-1	predicted	3604	1	0.00076328315677949	2	69	0.86651625204231
EPRS1	0.971		DARS2	GWAS-1	predicted	2058	1	0.000760370036252939	2	70	0.867276622078563
KPNA3	0.98		CSE1L	GWAS-1	predicted	3839	1	0.000759435440717779	2	71	0.86803605751928
CD27	0.986		TNFSF4	GWAS-1	predicted	939	1	0.000757228641431582	2	72	0.868793286160712
CEACAM8	0.754		OLFM4	GWAS-INF	predicted	1088	1	0.000753406712021926	2	73	0.869546692872734
XPO5	0.766		CSE1L	GWAS-1	predicted	57510	1	0.000749725264941046	2	74	0.870296418137675
YBX1	0.876		STAU1	GWAS-1	predicted	4904	1	0.000744892828615341	2	75	0.87104131096629
BYSL	0.991		ABT1	GWAS-1	predicted	705	1	0.000735590460053983	2	76	0.871776901426344
NUP50	0.871		CSE1L	GWAS-1	predicted	10762	1	0.000735344314780562	2	77	0.872512245741125
CDH17	0.826		OLFM4	GWAS-INF	predicted	1015	1	0.000728755211316138	2	78	0.873241000952441
XPOT	0.886		CSE1L	GWAS-1	predicted	11260	1	0.000727303486058765	2	79	0.8739683044385
ELAVL1	0.854		STAU1	GWAS-1	predicted	1994	1	0.000723157703833594	2	80	0.874691462142333
CD28	0.981		TNFSF4	GWAS-1	predicted	940	1	0.000716679561215186	2	81	0.875408141703549
CD40LG	0.958		TNFSF4	GWAS-1	predicted	959	1	0.000714050571165752	2	82	0.876122192274714
ASCL2	0.775		OLFM4	GWAS-INF	predicted	430	1	0.00070923676765621	2	83	0.87683142904237
CD40	0.873		TNFSF4	GWAS-1	predicted	958	1	0.000693360635114506	2	84	0.877524789677485
KRR1	0.988		ABT1	GWAS-1	predicted	11103	1	0.000693048165693066	2	85	0.878217837843178
DHX15	0.984		ABT1	GWAS-1	predicted	1665	1	0.000687408414157677	2	86	0.878905246257336
IPO5	0.814		CSE1L	GWAS-1	predicted	3843	1	0.000683674818359188	2	87	0.879588921075695
WDR3	0.973		ABT1	GWAS-1	predicted	10885	1	0.00068261501368066	2	88	0.880271536089376
NOP14	0.983		ABT1	GWAS-1	predicted	8602	1	0.000681392931277251	2	89	0.880952929020653
GSR	0.964		PRDX6	GWAS-1	predicted	2936	1	0.000680755366771777	2	90	0.881633684387425
EIF4A3	0.762		STAU1	GWAS-1	predicted	9775	1	0.000675557469388614	2	91	0.882309241856813
NGDN	0.941		ABT1	GWAS-1	predicted	25983	1	0.000672388144590353	2	92	0.882981630001404
CD4	0.721		TNFSF4	GWAS-1	predicted	920	1	0.000671951424744193	2	93	0.883653581426148
XPO4	0.908		CSE1L	GWAS-1	predicted	64328	1	0.000668916856920469	2	94	0.884322498283068
GPX2	0.967		PRDX6	GWAS-1	predicted	2877	1	0.000668391299861469	2	95	0.88499088958293
GPX3	0.967		PRDX6	GWAS-1	predicted	2878	1	0.000667683795871291	2	96	0.885658573378801
GPX7	0.97		PRDX6	GWAS-1	predicted	2882	1	0.000667604218691547	2	97	0.886326177597493
VWF	0.86		SERPINC1	GWAS-1	predicted	7450	1	0.000667601717267792	2	98	0.88699377931476
GPX8	0.971		PRDX6	GWAS-1	predicted	493869	1	0.000667507980941577	2	99	0.887661287295702
CTLA4	0.812		TNFSF4	GWAS-1	predicted	1493	1	0.000666781762589661	2	100	0.888328069058292
GPX5	0.967		PRDX6	GWAS-1	predicted	2880	1	0.000665013719251739	2	101	0.888993082777543
GPX6	0.966		PRDX6	GWAS-1	predicted	257202	1	0.000664503764455249	2	102	0.889657586541999
UTP6	0.98		ABT1	GWAS-1	predicted	55813	1	0.000661801122273017	2	103	0.890319387664272
RPS6	0.826		STAU1	GWAS-1	predicted	6194	1	0.000657666670157403	2	104	0.890977054334429
IL6	0.703		TNFSF4	GWAS-1	predicted	3569	1	0.00065685566389376	2	105	0.891633909998323
TNFSF9	0.907		TNFSF4	GWAS-1	predicted	8744	1	0.000653145483881384	2	106	0.892287055482204
CHGA	0.711		OLFM4	GWAS-INF	predicted	1113	1	0.00065207855289104	2	107	0.892939134035095
ESF1	0.995		ABT1	GWAS-1	predicted	51575	1	0.000651679772659884	2	108	0.893590813807755
UTP18	0.978		ABT1	GWAS-1	predicted	51096	1	0.0006470503992487	2	109	0.894237864207004
DICER1	0.8		STAU1	GWAS-1	predicted	23405	1	0.000643550093927006	2	110	0.894881414300931
DDX10	0.992		ABT1	GWAS-1	predicted	1662	1	0.000642365217121804	2	111	0.895523779518053
PDCD11	0.727		ABT1	GWAS-1	predicted	22984	1	0.000638234931438653	2	112	0.896162014449491
IL10	0.757		TNFSF4	GWAS-1	predicted	3586	1	0.000638168203715016	2	113	0.896800182653206
UTP25	0.989		ABT1	GWAS-1	predicted	27042	1	0.000626995955771253	2	114	0.897427178608977
GATB	0.999		DARS2	GWAS-1	predicted	5188	1	0.000625770884884401	2	115	0.898052949493862
NDUFA13	0.753		OLFM4	GWAS-INF	predicted	51079	1	0.000624193700171158	2	116	0.898677143194033
TNPO1	0.824		CSE1L	GWAS-1	predicted	3842	1	0.00062339843871478	2	117	0.899300541632748
LOC102723996	0.904		TNFSF4	GWAS-1	predicted	102723996	1	0.000623129526827512	2	118	0.899923671159575
DDX49	0.998		ABT1	GWAS-1	predicted	54555	1	0.00062185722120571	2	119	0.900545528380781
ADGRD1	0.838		CSE1L	GWAS-1	predicted	283383	1	0.000620574482615932	2	120	0.901166102863397
RANBP1	0.786		CSE1L	GWAS-1	predicted	5902	1	0.000611334111711186	2	121	0.901777436975108
RRP36	0.995		ABT1	GWAS-1	predicted	88745	1	0.000610020689324583	2	122	0.902387457664433
TNFRSF8	0.897		TNFSF4	GWAS-1	predicted	943	1	0.00060478334061576	2	123	0.902992241005048
IPO4	0.766		CSE1L	GWAS-1	predicted	79711	1	0.000601311869345166	2	124	0.903593552874394
TARDBP	0.796		STAU1	GWAS-1	predicted	23435	1	0.000599744110214627	2	125	0.904193296984608
DDX52	0.85		ABT1	GWAS-1	predicted	11056	1	0.000597646654013636	2	126	0.904790943638622
TNFRSF18	0.774		TNFSF4	GWAS-1	predicted	8784	1	0.000596666757964085	2	127	0.905387610396586
DDX18	0.963		ABT1	GWAS-1	predicted	8886	1	0.00059548671202766	2	128	0.905983097108614
ALB	0.933		SERPINC1	GWAS-1	predicted	213	1	0.000594343324081359	2	129	0.906577440432695
GMPS	0.912		DARS2	GWAS-1	predicted	8833	1	0.00059339723078543	2	130	0.907170837663481
UPF3B	0.908		STAU1	GWAS-1	predicted	65109	1	0.000593322259810671	2	131	0.907764159923291
CD80	0.73		TNFSF4	GWAS-1	predicted	941	1	0.000591477707343318	2	132	0.908355637630634
F2	0.999		SERPINC1	GWAS-1	predicted	2147	1	0.000588300954434165	2	133	0.908943938585069
KEAP1	0.909		KLHL20	GWAS-1	predicted	9817	1	0.000584253574147702	2	134	0.909528192159216
UPF2	0.886		STAU1	GWAS-1	predicted	26019	1	0.00058396603179332	2	135	0.91011215819101
CD70	0.843		TNFSF4	GWAS-1	predicted	970	1	0.000581441140600328	2	136	0.91069359933161
ICOSLG	0.831		TNFSF4	GWAS-1	predicted	23308	1	0.000580792661574416	2	137	0.911274391993184
AATF	0.851		ABT1	GWAS-1	predicted	26574	1	0.00057487524891668	2	138	0.911849267242101
CUL3	0.999		KLHL20	GWAS-1	predicted	8452	1	0.000572745420587352	2	139	0.912422012662688
XPO6	0.807		CSE1L	GWAS-1	predicted	23214	1	0.000572687354537876	2	140	0.912994700017226
CD276	0.813		TNFSF4	GWAS-1	predicted	80381	1	0.000569426665704765	2	141	0.913564126682931
CD274	0.79		TNFSF4	GWAS-1	predicted	29126	1	0.000569257549635689	2	142	0.914133384232567
GP1BA	0.728		SERPINC1	GWAS-1	predicted	2811	1	0.000567726042661492	2	143	0.914701110275228
RBX1	0.986		KLHL20	GWAS-1	predicted	9978	1	0.000567504800411428	2	144	0.91526861507564
NOM1	0.971		ABT1	GWAS-1	predicted	64434	1	0.000566489321457721	2	145	0.915835104397097
KPNA6	0.719		CSE1L	GWAS-1	predicted	23633	1	0.000562591303961667	2	146	0.916397695701059
CD86	0.722		TNFSF4	GWAS-1	predicted	942	1	0.00056192568939411	2	147	0.916959621390453
SMG5	0.838		STAU1	GWAS-1	predicted	23381	1	0.000559356022450342	2	148	0.917518977412903
BRIX1	0.787		ABT1	GWAS-1	predicted	55299	1	0.000551136581262149	2	149	0.918070113994166
ILF3	0.776		STAU1	GWAS-1	predicted	3609	1	0.000550380754879843	2	150	0.918620494749046
EARS2	0.929		DARS2	GWAS-1	predicted	124454	1	0.000540926604719638	2	151	0.919161421353765
YARS1	0.898		DARS2	GWAS-1	predicted	8565	1	0.000540603649202857	2	152	0.919702025002968
STAU2	0.905		STAU1	GWAS-1	predicted	27067	1	0.000540117996818257	2	153	0.920242142999786
SMG7	0.822		STAU1	GWAS-1	predicted	9887	1	0.000538894666334286	2	154	0.920781037666121
XPO7	0.765		CSE1L	GWAS-1	predicted	23039	1	0.000538781134941167	2	155	0.921319818801062
VARS1	0.953		DARS2	GWAS-1	predicted	7407	1	0.000536997083012087	2	156	0.921856815884074
TIAL1	0.795		STAU1	GWAS-1	predicted	7073	1	0.000535834700384677	2	157	0.922392650584458
HNRNPU	0.745		STAU1	GWAS-1	predicted	3192	1	0.000534193912814917	2	158	0.922926844497273
DDX47	0.821		ABT1	GWAS-1	predicted	51202	1	0.000532781574984321	2	159	0.923459626072258
TIA1	0.781		STAU1	GWAS-1	predicted	7072	1	0.000529849064561799	2	160	0.92398947513682
TNFSF18	0.88		TNFSF4	GWAS-1	predicted	8995	1	0.000526657065383421	2	161	0.924516132202203
FTSJ3	0.728		ABT1	GWAS-1	predicted	117246	1	0.00052646433964239	2	162	0.925042596541845
TNFRSF14	0.733		TNFSF4	GWAS-1	predicted	8764	1	0.000526084670680284	2	163	0.925568681212526
UTP23	0.803		ABT1	GWAS-1	predicted	84294	1	0.000525736866896695	2	164	0.926094418079422
UTP14A	0.747		ABT1	GWAS-1	predicted	10813	1	0.00052387436512214	2	165	0.926618292444544
KPNA5	0.757		CSE1L	GWAS-1	predicted	3841	1	0.000523759002636555	2	166	0.927142051447181
PLG	0.992		SERPINC1	GWAS-1	predicted	5340	1	0.000521373233085596	2	167	0.927663424680267
GPX4	0.973		PRDX6	GWAS-1	predicted	2879	1	0.000520826377100809	2	168	0.928184251057367
SPOPL	0.916		KLHL20	GWAS-1	predicted	339745	1	0.000520285428094117	2	169	0.928704536485461
PWP2	0.713		ABT1	GWAS-1	predicted	5822	1	0.000514972633842915	2	170	0.929219509119304
IGF2BP1	0.761		STAU1	GWAS-1	predicted	10642	1	0.000510539629149038	2	171	0.929730048748453
SPOP	0.924		KLHL20	GWAS-1	predicted	8405	1	0.000507090396093134	2	172	0.930237139144547
RPLP0	0.767		STAU1	GWAS-1	predicted	6175	1	0.000507017098472463	2	173	0.930744156243019
VARS2	0.916		DARS2	GWAS-1	predicted	57176	1	0.000506676319805444	2	174	0.931250832562824
PDCD1LG2	0.775		TNFSF4	GWAS-1	predicted	80380	1	0.000506436228747816	2	175	0.931757268791572
LARS2	0.876		DARS2	GWAS-1	predicted	23395	1	0.000506315843516335	2	176	0.932263584635089
KLHL9	0.924		KLHL20	GWAS-1	predicted	55958	1	0.00050148633496052	2	177	0.932765070970049
KLHL22	0.925		KLHL20	GWAS-1	predicted	84861	1	0.000499823896181819	2	178	0.933264894866231
QARS1	0.784		DARS2	GWAS-1	predicted	5859	1	0.000499611198154379	2	179	0.933764506064385
TXN2	0.764		CSE1L	GWAS-1	predicted	25828	1	0.000499424483553217	2	180	0.934263930547939
KLHL42	0.924		KLHL20	GWAS-1	predicted	57542	1	0.000499169224342379	2	181	0.934763099772281
AARS2	0.955		DARS2	GWAS-1	predicted	57505	1	0.000497972994450916	2	182	0.935261072766732
KLHL12	0.911		KLHL20	GWAS-1	predicted	59349	1	0.000497962282274356	2	183	0.935759035049006
KBTBD8	0.919		KLHL20	GWAS-1	predicted	84541	1	0.000497589440004105	2	184	0.93625662448901
GAN	0.918		KLHL20	GWAS-1	predicted	8139	1	0.000497118358815308	2	185	0.936753742847826
TNFAIP1	0.919		KLHL20	GWAS-1	predicted	7126	1	0.000497027663042438	2	186	0.937250770510868
KLHL41	0.918		KLHL20	GWAS-1	predicted	10324	1	0.000496943795984774	2	187	0.937747714306853
KCTD13	0.919		KLHL20	GWAS-1	predicted	253980	1	0.000496869907951375	2	188	0.938244584214804
MOV10	0.742		STAU1	GWAS-1	predicted	4343	1	0.000495849832753085	2	189	0.938740434047557
KLHL7	0.916		KLHL20	GWAS-1	predicted	55975	1	0.000495505572118831	2	190	0.939235939619676
KLHL13	0.911		KLHL20	GWAS-1	predicted	90293	1	0.000495365038506708	2	191	0.939731304658183
FGA	0.98		SERPINC1	GWAS-1	predicted	2243	1	0.000495351468191498	2	192	0.940226656126374
ENC1	0.913		KLHL20	GWAS-1	predicted	8507	1	0.000495109106355033	2	193	0.940721765232729
TNFSF8	0.842		TNFSF4	GWAS-1	predicted	944	1	0.00049497902936605	2	194	0.941216744262095
KCTD17	0.914		KLHL20	GWAS-1	predicted	79734	1	0.00049480334860948	2	195	0.941711547610705
KLHL3	0.908		KLHL20	GWAS-1	predicted	26249	1	0.00049459972841173	2	196	0.942206147339117
EMG1	0.711		ABT1	GWAS-1	predicted	10436	1	0.000493980409872256	2	197	0.942700127748989
KLHL21	0.91		KLHL20	GWAS-1	predicted	9903	1	0.000493641869645748	2	198	0.943193769618635
KBTBD7	0.91		KLHL20	GWAS-1	predicted	84078	1	0.000493003291124629	2	199	0.943686772909759
KLHL25	0.907		KLHL20	GWAS-1	predicted	64410	1	0.00049242126055268	2	200	0.944179194170312
KBTBD6	0.908		KLHL20	GWAS-1	predicted	89890	1	0.000492311260095536	2	201	0.944671505430407
LZTR1	0.908		KLHL20	GWAS-1	predicted	8216	1	0.00049185545571192	2	202	0.945163360886119
KLHL8	0.907		KLHL20	GWAS-1	predicted	57563	1	0.000491712360623122	2	203	0.945655073246743
A2M	0.927		SERPINC1	GWAS-1	predicted	2	1	0.000489650636140141	2	204	0.946144723882883
RARS2	0.888		DARS2	GWAS-1	predicted	57038	1	0.000488872202276852	2	205	0.94663359608516
LAG3	0.713		TNFSF4	GWAS-1	predicted	3902	1	0.000487996644886542	2	206	0.947121592730046
ZSWIM8	0.9		KLHL20	GWAS-1	predicted	23053	1	0.000487246644972447	2	207	0.947608839375018
ADAR	0.757		STAU1	GWAS-1	predicted	103	1	0.000487236465963442	2	208	0.948096075840982
PRKRA	0.836		STAU1	GWAS-1	predicted	8575	1	0.000485103679715076	2	209	0.948581179520697
IARS2	0.895		DARS2	GWAS-1	predicted	55699	1	0.000483012966098761	2	210	0.949064192486796
KPNA7	0.737		CSE1L	GWAS-1	predicted	402569	1	0.000474117087498648	2	211	0.949538309574294
YARS2	0.881		DARS2	GWAS-1	predicted	51067	1	0.000473479788975751	2	212	0.95001178936327
KARS1	0.807		DARS2	GWAS-1	predicted	3735	1	0.000473252467322669	2	213	0.950485041830593
PARS2	0.872		DARS2	GWAS-1	predicted	25973	1	0.000472839174956211	2	214	0.950957881005549
EFS	0.773		CSE1L	GWAS-1	predicted	10278	1	0.000469301465490917	2	215	0.95142718247104
CPEB1	0.831		STAU1	GWAS-1	predicted	64506	1	0.000466873748810757	2	216	0.951894056219851
IARS1	0.807		DARS2	GWAS-1	predicted	3376	1	0.000462476465459153	2	217	0.95235653268531
SAMD4A	0.835		STAU1	GWAS-1	predicted	23034	1	0.000461249665361675	2	218	0.952817782350672
IGHMBP2	0.841		ABT1	GWAS-1	predicted	3508	1	0.000458062594491845	2	219	0.953275844945163
HARS1	0.856		DARS2	GWAS-1	predicted	3035	1	0.000455231583495186	2	220	0.953731076528659
TXNDC12	0.918		PRDX6	GWAS-1	predicted	51060	1	0.000452850710962757	2	221	0.954183927239621
GSTO1	0.957		PRDX6	GWAS-1	predicted	9446	1	0.000452522762088548	2	222	0.95463645000171
GSS	0.915		PRDX6	GWAS-1	predicted	2937	1	0.000450278910388324	2	223	0.955086728912098
GSTP1	0.973		PRDX6	GWAS-1	predicted	2950	1	0.000450108776022546	2	224	0.955536837688121
HARS2	0.857		DARS2	GWAS-1	predicted	23438	1	0.000449306190419134	2	225	0.95598614387854
NARS2	0.749		DARS2	GWAS-1	predicted	79731	1	0.000448743137984602	2	226	0.956434887016525
GTF3C1	0.82		ABT1	GWAS-1	predicted	2975	1	0.000448742976721309	2	227	0.956883629993246
DHX32	0.905		ABT1	GWAS-1	predicted	55760	1	0.000447814094553814	2	228	0.9573314440878
FARS2	0.87		DARS2	GWAS-1	predicted	10667	1	0.000445870822026915	2	229	0.957777314909827
RARS1	0.728		DARS2	GWAS-1	predicted	5917	1	0.000443625167076557	2	230	0.958220940076903
F3	0.958		SERPINC1	GWAS-1	predicted	2152	1	0.000441330592145952	2	231	0.958662270669049
MARS2	0.79		DARS2	GWAS-1	predicted	92935	1	0.000441102711766874	2	232	0.959103373380816
CD44	0.716		SERPINC1	GWAS-1	predicted	960	1	0.000440204794910612	2	233	0.959543578175727
DARS1	0.96		DARS2	GWAS-1	predicted	1615	1	0.000437980684847874	2	234	0.959981558860574
GSTO2	0.933		PRDX6	GWAS-1	predicted	119391	1	0.000436687362619321	2	235	0.960418246223194
ELANE	0.753		SERPINC1	GWAS-1	predicted	1991	1	0.000435645595498629	2	236	0.960853891818692
PXK	0.735		TNFSF4	GWAS-1	predicted	54899	1	0.000433350382186357	2	237	0.961287242200879
HPGDS	0.942		PRDX6	GWAS-1	predicted	27306	1	0.000432168720986099	2	238	0.961719410921865
KCTD19	0.78		ABT1	GWAS-1	predicted	146212	1	0.000431393545926675	2	239	0.962150804467792
GSTM1	0.939		PRDX6	GWAS-1	predicted	2944	1	0.000429962018836414	2	240	0.962580766486628
TARS2	0.777		DARS2	GWAS-1	predicted	80222	1	0.000428503374669387	2	241	0.963009269861297
GSTM2	0.933		PRDX6	GWAS-1	predicted	2946	1	0.000427231283377386	2	242	0.963436501144675
GSTM5	0.928		PRDX6	GWAS-1	predicted	2949	1	0.000426809314107324	2	243	0.963863310458782
KLHL40	0.785		KLHL20	GWAS-1	predicted	131377	1	0.000426362691827353	2	244	0.964289673150609
GSTT2B	0.928		PRDX6	GWAS-1	predicted	653689	1	0.00042591284146755	2	245	0.964715585992077
WARS2	0.766		DARS2	GWAS-1	predicted	10352	1	0.000424480378884114	2	246	0.965140066370961
F10	0.998		SERPINC1	GWAS-1	predicted	2159	1	0.000423256931648351	2	247	0.965563323302609
GSTM3	0.94		PRDX6	GWAS-1	predicted	2947	1	0.000422382321595428	2	248	0.965985705624205
GGT1	0.909		PRDX6	GWAS-1	predicted	2678	1	0.000420815886284711	2	249	0.96640652151049
TSLP	0.817		TNFSF4	GWAS-1	predicted	85480	1	0.000420668566703302	2	250	0.966827190077193
BANK1	0.706		TNFSF4	GWAS-1	predicted	55024	1	0.000419707856749884	2	251	0.967246897933943
GSTA4	0.923		PRDX6	GWAS-1	predicted	2941	1	0.000419702729537576	2	252	0.96766660066348
TINCR	0.825		STAU1	GWAS-1	predicted	257000	1	0.000418535527553932	2	253	0.968085136191034
GSTA3	0.932		PRDX6	GWAS-1	predicted	2940	1	0.000418344810722449	2	254	0.968503481001757
GSTA1	0.914		PRDX6	GWAS-1	predicted	2938	1	0.000418010514405745	2	255	0.968921491516162
KCTD10	0.76		KLHL20	GWAS-1	predicted	83892	1	0.000417922301393898	2	256	0.969339413817556
GSTA2	0.913		PRDX6	GWAS-1	predicted	2939	1	0.000416268307868822	2	257	0.969755682125425
MGST1	0.928		PRDX6	GWAS-1	predicted	4257	1	0.000416264291961336	2	258	0.970171946417386
FGB	0.954		SERPINC1	GWAS-1	predicted	2244	1	0.000416135483774986	2	259	0.970588081901161
QRSL1	0.935		DARS2	GWAS-1	predicted	55278	1	0.000414818763058007	2	260	0.971002900664219
GSTM4	0.92		PRDX6	GWAS-1	predicted	2948	1	0.000414776991200042	2	261	0.97141767765542
KLHL2	0.744		KLHL20	GWAS-1	predicted	11275	1	0.000413656054216041	2	262	0.971831333709636
CARS2	0.743		DARS2	GWAS-1	predicted	79587	1	0.000413183258110125	2	263	0.972244516967746
GGT5	0.909		PRDX6	GWAS-1	predicted	2687	1	0.0004127219150721	2	264	0.972657238882818
KLHL24	0.753		KLHL20	GWAS-1	predicted	54800	1	0.000412711358251223	2	265	0.973069950241069
MGST3	0.914		PRDX6	GWAS-1	predicted	4259	1	0.000412335664233859	2	266	0.973482285905303
VTN	0.949		SERPINC1	GWAS-1	predicted	7448	1	0.00041184667689962	2	267	0.973894132582202
PEF1	0.745		KLHL20	GWAS-1	predicted	553115	1	0.000409885517440813	2	268	0.974304018099643
MGST2	0.911		PRDX6	GWAS-1	predicted	4258	1	0.000409637834867993	2	269	0.974713655934511
GGT6	0.909		PRDX6	GWAS-1	predicted	124975	1	0.000409072743229146	2	270	0.97512272867774
PROC	0.924		SERPINC1	GWAS-1	predicted	5624	1	0.000408572808568985	2	271	0.975531301486309
GSTA5	0.916		PRDX6	GWAS-1	predicted	221357	1	0.000406942916495791	2	272	0.975938244402805
PDCD6	0.731		KLHL20	GWAS-1	predicted	10016	1	0.000403165051812107	2	273	0.976341409454617
FGG	0.921		SERPINC1	GWAS-1	predicted	2266	1	0.000402892131289254	2	274	0.976744301585907
APOH	0.944		SERPINC1	GWAS-1	predicted	350	1	0.000401418178404807	2	275	0.977145719764311
GGT7	0.909		PRDX6	GWAS-1	predicted	2686	1	0.000400705786564961	2	276	0.977546425550876
DQX1	0.82		ABT1	GWAS-1	predicted	165545	1	0.000400262361762464	2	277	0.977946687912639
GLMN	0.725		KLHL20	GWAS-1	predicted	11146	1	0.000399409802808047	2	278	0.978346097715447
F11	0.969		SERPINC1	GWAS-1	predicted	2160	1	0.000396863799483614	2	279	0.97874296151493
F12	0.969		SERPINC1	GWAS-1	predicted	2161	1	0.000395974337960313	2	280	0.979138935852891
KNG1	0.758		SERPINC1	GWAS-1	predicted	3827	1	0.000395867199019105	2	281	0.97953480305191
AHSG	0.838		SERPINC1	GWAS-1	predicted	197	1	0.000392324866344953	2	282	0.979927127918255
HRG	0.898		SERPINC1	GWAS-1	predicted	3273	1	0.000392235867849121	2	283	0.980319363786104
TXN	0.818		PRDX6	GWAS-1	predicted	7295	1	0.000382690881363161	2	284	0.980702054667467
THBD	0.912		SERPINC1	GWAS-1	predicted	7056	1	0.000379172427923004	2	285	0.98108122709539
F9	0.999		SERPINC1	GWAS-1	predicted	2158	1	0.000376833505984678	2	286	0.981458060601375
FAAH2	0.9		DARS2	GWAS-1	predicted	158584	1	0.000375449435554308	2	287	0.981833510036929
CHAC2	0.906		PRDX6	GWAS-1	predicted	494143	1	0.000375161754848005	2	288	0.982208671791777
ARF1	0.739		STAU1	GWAS-1	predicted	375	1	0.000374906369530128	2	289	0.982583578161307
NKRF	0.707		STAU1	GWAS-1	predicted	55922	1	0.0003721583155978	2	290	0.982955736476905
F8	0.906		SERPINC1	GWAS-1	predicted	2157	1	0.000370930561476583	2	291	0.983326667038382
TFPI	0.939		SERPINC1	GWAS-1	predicted	7035	1	0.000370869063728433	2	292	0.98369753610211
FAAH	0.9		DARS2	GWAS-1	predicted	2166	1	0.00037080971377733	2	293	0.984068345815887
SERPIND1	0.837		SERPINC1	GWAS-1	predicted	3053	1	0.000369130784997029	2	294	0.984437476600884
REXO4	0.742		ABT1	GWAS-1	predicted	57109	1	0.000367082916623175	2	295	0.984804559517508
CHAC1	0.901		PRDX6	GWAS-1	predicted	79094	1	0.000366926806040088	2	296	0.985171486323548
DAPK1	0.949		KLHL20	GWAS-1	predicted	1612	1	0.000365838113309783	2	297	0.985537324436857
F7	0.909		SERPINC1	GWAS-1	predicted	2155	1	0.000361753226682837	2	298	0.98589907766354
AMBP	0.936		SERPINC1	GWAS-1	predicted	259	1	0.000360781386460131	2	299	0.98625985905
PRDX2	0.798		PRDX6	GWAS-1	predicted	7001	1	0.0003602538464321	2	300	0.986620112896432
ENO1	0.737		PRDX6	GWAS-1	predicted	2023	1	0.000357103612558192	2	301	0.986977216508991
PLAT	0.914		SERPINC1	GWAS-1	predicted	5327	1	0.00034887557627844	2	302	0.987326092085269
CTPS1	0.729		DARS2	GWAS-1	predicted	1503	1	0.000342181468934147	2	303	0.987668273554203
PRDX5	0.832		PRDX6	GWAS-1	predicted	25824	1	0.0003387979344209	2	304	0.988007071488624
SERPINF2	0.788		SERPINC1	GWAS-1	predicted	5345	1	0.000338597765299303	2	305	0.988345669253924
NDC1	0.766		DARS2	GWAS-1	predicted	55706	1	0.000337708573847517	2	306	0.988683377827771
PML	0.841		KLHL20	GWAS-1	predicted	5371	1	0.000335332693117279	2	307	0.989018710520888
F5	0.817		SERPINC1	GWAS-1	predicted	2153	1	0.0003311601351655	2	308	0.989349870656054
PARK7	0.709		PRDX6	GWAS-1	predicted	11315	1	0.00032702850916324	2	309	0.989676899165217
CRP	0.765		SERPINC1	GWAS-1	predicted	1401	1	0.000325499031989881	2	310	0.990002398197207
EIF2AK4	0.826		DARS2	GWAS-1	predicted	440275	1	0.000325335784499061	2	311	0.990327733981706
CORO7	0.841		KLHL20	GWAS-1	predicted	79585	1	0.000324204271120682	2	312	0.990651938252827
CTPS2	0.734		DARS2	GWAS-1	predicted	56474	1	0.000322727351594466	2	313	0.990974665604421
APOA1	0.708		SERPINC1	GWAS-1	predicted	335	1	0.000320895124106429	2	314	0.991295560728528
CDC23	0.79		DARS2	GWAS-1	predicted	8697	1	0.000316382300210364	2	315	0.991611943028738
CPB2	0.766		SERPINC1	GWAS-1	predicted	1361	1	0.000315941487251066	2	316	0.991927884515989
GC	0.84		SERPINC1	GWAS-1	predicted	2638	1	0.000311489600785364	2	317	0.992239374116774
APOC3	0.87		SERPINC1	GWAS-1	predicted	345	1	0.000311192932905552	2	318	0.99255056704968
HPX	0.762		SERPINC1	GWAS-1	predicted	3263	1	0.000309671961884632	2	319	0.992860239011565
LPA	0.804		SERPINC1	GWAS-1	predicted	4018	1	0.000307110571445567	2	320	0.99316734958301
TTC5	0.705		DARS2	GWAS-1	predicted	91875	1	0.000306808279160444	2	321	0.993474157862171
EIF2AK1	0.802		DARS2	GWAS-1	predicted	27102	1	0.000306047230265198	2	322	0.993780205092436
APOA2	0.783		SERPINC1	GWAS-1	predicted	336	1	0.000305394812604103	2	323	0.99408559990504
SOD2	0.703		PRDX6	GWAS-1	predicted	6648	1	0.000303647533824056	2	324	0.994389247438864
KLKB1	0.767		SERPINC1	GWAS-1	predicted	3818	1	0.000302457459758136	2	325	0.994691704898622
TACO1	0.777		DARS2	GWAS-1	predicted	51204	1	0.00029650710463349	2	326	0.994988212003255
FDXR	0.708		DARS2	GWAS-1	predicted	2232	1	0.000289681835740089	2	327	0.995277893838996
FADS6	0.705		DARS2	GWAS-1	predicted	283985	1	0.000288358233075415	2	328	0.995566252072071
TPI1	0.743		PRDX6	GWAS-1	predicted	7167	1	0.000286215874412004	2	329	0.995852467946483
PF4	0.706		SERPINC1	GWAS-1	predicted	5196	1	0.000285381224957116	2	330	0.99613784917144
SERPING1	0.753		SERPINC1	GWAS-1	predicted	710	1	0.00028441249185567	2	331	0.996422261663296
KLK4	0.864		SERPINC1	GWAS-1	predicted	9622	1	0.000282116109450982	2	332	0.996704377772747
NAE1	0.703		KLHL20	GWAS-1	predicted	8883	1	0.000279880630702276	2	333	0.996984258403449
F13B	0.81		SERPINC1	GWAS-1	predicted	2165	1	0.000279043474660271	2	334	0.997263301878109
ASB7	0.719		KLHL20	GWAS-1	predicted	140460	1	0.00027717344938855	2	335	0.997540475327498
SDC1	0.792		SERPINC1	GWAS-1	predicted	6382	1	0.000266572532010446	2	336	0.997807047859508
GPI	0.707		PRDX6	GWAS-1	predicted	2821	1	0.00026591213561423	2	337	0.998072959995123
PROCR	0.702		SERPINC1	GWAS-1	predicted	10544	1	0.000259122111853365	2	338	0.998332082106976
PF4V1	0.805		SERPINC1	GWAS-1	predicted	5197	1	0.000254924638577799	2	339	0.998587006745554
SERPINA5	0.721		SERPINC1	GWAS-1	predicted	5104	1	0.00025410121349327	2	340	0.998841107959047
PROS1	0.743		SERPINC1	GWAS-1	predicted	5627	1	0.000251730328716197	2	341	0.999092838287763
STH	0.743		PRDX6	GWAS-1	predicted	246744	1	0.000237028469377647	2	342	0.999329866757141
C9	0.735		SERPINC1	GWAS-1	predicted	735	1	0.000232022477774466	2	343	0.999561889234915
MTHFR	0.712		SERPINC1	GWAS-1	predicted	4524	1	0.000224249223870518	2	344	0.999786138458786
AGXT	0.704		SERPINC1	GWAS-1	predicted	189	1	0.000213861541214127	2	345	1

